SYMBOL,DATE,OPEN,CLOSE,MIN,MAX,VOLUME
AVGO,2025-03-03,202.559944884,186.047332764,183.227384226,202.619518914,37435600
NVDA,2025-03-03,123.483102696,114.03515625,112.255545139,123.673056129,411381400
AVGO,2025-03-04,187.884262391,186.156539917,179.205954206,192.580868208,37910500
NVDA,2025-03-04,110.625903574,115.964736938,110.086020262,119.284013586,398163300
AVGO,2025-03-05,190.50563759,190.227615356,185.779244462,192.709967553,25644500
NVDA,2025-03-05,117.554389998,117.274452209,114.485059025,118.25423447,284337900
AVGO,2025-03-06,179.762015204,178.183242798,176.356235165,185.511151543,56864100
NVDA,2025-03-06,113.505275823,110.545921326,110.195999069,115.324879185,321181900
AVGO,2025-03-07,186.40476752,193.583740234,180.278324754,194.100058529,74528900
NVDA,2025-03-07,111.225769869,112.665458679,107.536571106,113.455287533,341755500
AVGO,2025-03-10,188.26158835,183.14793396,179.156307562,190.624777234,44217100
NVDA,2025-03-10,109.876057544,106.956695557,105.437022448,111.825629645,366487400
AVGO,2025-03-11,186.7225154,188.74810791,184.041578343,194.239069173,42153200
NVDA,2025-03-11,106.966694123,108.736312866,104.747176445,112.215550608,354865700
AVGO,2025-03-12,194.834859774,192.858901978,191.091468431,198.568312011,30409700
NVDA,2025-03-12,114.105649612,115.725440979,112.865800077,116.745316963,323857500
AVGO,2025-03-13,191.786512669,190.009155273,188.132497736,194.93414839,27236100
NVDA,2025-03-13,117.015274723,115.565460205,113.775684497,117.745186235,299033100
AVGO,2025-03-14,194.814997326,194.15965271,191.836174691,196.105823498,25900900
NVDA,2025-03-14,118.595080954,121.654693604,118.135139732,121.864666273,277593500
AVGO,2025-03-17,186.72253333,193.126998901,186.176412823,195.331328841,26830600
NVDA,2025-03-17,122.724556491,119.514961243,118.015149951,122.874539146,255501500
AVGO,2025-03-18,189.095659587,187.338150024,185.580640462,191.528361661,24951000
NVDA,2025-03-18,117.985150209,115.415473938,114.525586551,119.00501849,299686900
AVGO,2025-03-19,188.003405826,194.189437866,185.580627871,196.870374973,37962700
NVDA,2025-03-19,117.25524233,117.505210876,115.665446038,120.434842544,273426200
AVGO,2025-03-20,190.743478286,189.767440796,188.173937182,193.054063845,31430000
NVDA,2025-03-20,116.535336742,118.515083313,116.455344978,120.184871334,248829700
AVGO,2025-03-21,187.446895371,190.882904053,186.610289664,191.291245325,43086500
NVDA,2025-03-21,116.925289407,117.685188293,115.405476377,117.975152722,266498500
AVGO,2025-03-24,193.512184699,190.47454834,189.896898213,195.89249348,33180300
NVDA,2025-03-24,119.864915689,121.394729614,119.324982708,122.204625271,228452500
AVGO,2025-03-25,190.116030294,187.496688843,186.919038646,190.823158265,23417300
NVDA,2025-03-25,120.534838168,120.674819946,118.905038336,121.274742942,167447200
AVGO,2025-03-26,185.903172515,178.543136597,176.859986435,187.29749,30578500
NVDA,2025-03-26,118.715065311,113.745689392,112.695818447,118.825044453,293463300
AVGO,2025-03-27,176.939656695,171.292648315,169.768853127,177.656738572,32151700
NVDA,2025-03-27,111.335993339,111.415985107,110.646085311,114.435601908,236902100
AVGO,2025-03-28,171.232884525,168.434280396,165.795031177,172.59734005,30391500
NVDA,2025-03-28,111.475975005,109.656204224,109.056281215,112.855806315,229872500
AVGO,2025-03-31,163.823062473,166.75112915,159.968743484,167.259071025,35656400
NVDA,2025-03-31,105.116772361,108.366363525,103.636962811,110.946040804,299212700
AVGO,2025-04-01,165.695424064,167.836715698,162.757388302,168.025947747,20472400
NVDA,2025-04-01,108.506339173,110.136138916,106.456601747,110.186128046,222614000
AVGO,2025-04-02,165.406615972,171.392242432,164.828965809,172.726805637,19523700
NVDA,2025-04-02,107.276501607,110.406105042,106.776564517,111.965913948,220601200
AVGO,2025-04-03,159.889065995,153.385543823,153.076803184,162.76734756,44354900
NVDA,2025-04-03,103.496977209,101.787193298,101.587213888,105.616705562,338769400
AVGO,2025-04-04,147.569220498,145.696838379,138.605712359,152.180452325,72302200
NVDA,2025-04-04,98.897561297,94.29813385,92.09841365,100.117401419,532273800
AVGO,2025-04-07,143.904148162,153.515014648,137.540058024,159.779504173,68503500
NVDA,2025-04-07,87.448989592,97.627708435,86.609098993,101.737191677,611041300
AVGO,2025-04-08,166.940357262,155.397354126,152.469272321,169.091602898,58888200
NVDA,2025-04-08,103.79693725,96.287887573,94.448115096,105.836681513,476243400
AVGO,2025-04-09,159.849242994,184.399291992,156.87136066,186.570460952,72708300
NVDA,2025-04-09,98.877553558,114.315612793,97.517724111,115.085512528,612918300
AVGO,2025-04-10,174.589246364,171.601409912,165.725322439,176.232550333,51212200
NVDA,2025-04-10,109.356241723,107.556465149,99.137526391,110.846052114,437812400
AVGO,2025-04-11,172.916042906,181.202316284,172.60730225,181.919398219,33964100
NVDA,2025-04-11,108.486344051,110.916038513,107.466475786,111.535963225,313417300
AVGO,2025-04-14,184.329579994,177.636825562,175.107130884,185.245847956,25748300
NVDA,2025-04-14,114.095641494,110.69606781,109.056274791,114.275619149,264705000
AVGO,2025-04-15,179.001262466,178.22442627,177.357958635,181.521003112,17242400
NVDA,2025-04-15,110.95604157,112.185882568,110.486099474,113.605709735,228966900
AVGO,2025-04-16,169.738963727,173.902023315,166.243200916,175.366064239,34638600
NVDA,2025-04-16,104.536850056,104.476852417,100.437359757,106.776566115,397016900
AVGO,2025-04-17,175.535374417,170.296707153,169.231038295,175.535374417,22501800
NVDA,2025-04-17,104.436852852,101.477226257,100.037412656,104.456854608,292517500
AVGO,2025-04-21,166.312938541,165.536102295,160.954747081,167.318837989,23469800
NVDA,2025-04-21,98.757570874,96.89781189,95.028044399,99.427492382,288501100
AVGO,2025-04-22,166.751133774,168.892425537,164.550102914,169.82861666,18504900
NVDA,2025-04-22,98.767569078,98.877555847,97.267757827,99.797438251,241004800
AVGO,2025-04-23,177.059170877,176.192703247,175.107126415,179.718343254,24380500
NVDA,2025-04-23,104.506844693,102.69707489,102.007159273,104.786815868,247526000
AVGO,2025-04-24,178.96142615,187.387115479,177.577062692,187.805425908,27576900
NVDA,2025-04-24,103.46697748,106.416603088,103.097021309,106.526589852,220815000
AVGO,2025-04-25,186.16211306,191.530258179,186.132235914,192.585957875,21242300
NVDA,2025-04-25,106.836559888,110.996040344,105.716705633,111.905921926,251064700
AVGO,2025-04-28,189.757484377,191.689620972,186.919033781,192.317071465,16385800
NVDA,2025-04-28,109.676194461,108.716316223,106.00665065,110.356109167,207708500
AVGO,2025-04-29,190.942655217,190.394882202,189.329228516,192.466450479,14630000
NVDA,2025-04-29,107.656450384,109.006278992,107.426483596,110.186130821,170444300
AVGO,2025-04-30,185.146252105,191.689620972,183.273885003,192.416656891,22768900
NVDA,2025-04-30,104.456858648,108.906295776,104.066908321,108.906295776,235044600
AVGO,2025-05-01,197.336620567,196.529907227,195.44433039,200.583397094,24939700
NVDA,2025-05-01,113.065771121,111.595954895,111.285996348,114.925537657,236121500
AVGO,2025-05-02,203.073271401,202.814331055,200.264713131,204.846053088,17766800
NVDA,2025-05-02,114.165636265,114.485595703,113.355740605,115.385484007,190194800
AVGO,2025-05-05,199.438062902,199.906158447,199.189076556,202.405975887,14025400
NVDA,2025-05-05,112.895797781,113.805679321,112.645829235,114.655570852,133163200
AVGO,2025-05-06,195.643522308,199.278717041,195.145549594,201.091345014,16348800
NVDA,2025-05-06,111.465980258,113.525718689,110.806059618,114.725564689,158525600
AVGO,2025-05-07,198.48196064,203.97958374,197.625446951,205.393824446,20253700
NVDA,2025-05-07,113.035782729,117.045272827,112.265875314,117.665197585,206758800
AVGO,2025-05-08,207.156644976,206.927581787,202.864122697,210.303836114,18460900
NVDA,2025-05-08,118.235126435,117.355239868,115.835426783,118.665072654,198428100
AVGO,2025-05-09,208.481258157,207.355834961,205.682653937,209.108708639,13289200
NVDA,2025-05-09,117.335231433,116.635322571,115.195501336,118.215125578,132972200
AVGO,2025-05-12,218.600072503,220.681594849,215.004708818,220.900704064,25437700
NVDA,2025-05-12,121.954658374,122.984527588,120.264868521,122.984527588,225023300
AVGO,2025-05-13,221.099881256,231.477630615,221.099881256,234.326035099,28790500
NVDA,2025-05-13,124.964283787,129.913650513,124.454345797,131.203496805,330430100
AVGO,2025-05-14,229.296512012,231.178848267,227.424144939,232.553257823,19751400
NVDA,2025-05-14,133.1832374,135.322967529,131.663424378,135.42296105,281180800
AVGO,2025-05-15,229.226806387,231.696746826,227.145284062,233.509374824,18803700
NVDA,2025-05-15,134.27309347,134.813034058,132.643308974,136.282850285,226632600
AVGO,2025-05-16,231.378039014,227.683074951,225.472074982,231.696733635,23094600
NVDA,2025-05-16,136.202869283,135.382965088,133.443221891,136.332857815,226542500
AVGO,2025-05-19,220.95050081,229.694900513,220.701514451,230.312381819,15355500
NVDA,2025-05-19,132.373340217,135.552947998,132.373340217,135.852898042,193154600
AVGO,2025-05-20,225.571687061,230.740631104,225.422286127,230.830277742,11787200
NVDA,2025-05-20,134.273082624,134.363082886,132.603294752,134.563054649,161514200
AVGO,2025-05-21,227.463974986,228.798538208,226.906247979,235.54109299,17642900
NVDA,2025-05-21,133.043252692,131.783416748,130.573562307,137.382702865,270608700
AVGO,2025-05-22,227.414183401,229.595306396,226.507869382,232.742497707,14340200
NVDA,2025-05-22,132.213362827,132.813293457,131.533455686,134.233113008,187344000
AVGO,2025-05-23,226.019851461,227.792633057,225.262923231,229.714800384,15385600
NVDA,2025-05-23,129.98365221,131.273483276,129.143761503,132.66330787,198821300
AVGO,2025-05-27,231.925807224,234.694534302,230.192871904,235.521170832,17941700
NVDA,2025-05-27,134.133104535,135.482940674,133.293213952,135.642924192,192953600
AVGO,2025-05-28,236.188443719,238.459197998,233.479471036,240.012885576,20443000
NVDA,2025-05-28,136.012892848,134.793045044,134.773043287,137.232740652,304021100
AVGO,2025-05-29,244.912934122,240.98890686,236.437429141,245.072289032,20743700
NVDA,2025-05-29,142.232113403,139.17250061,137.892662779,143.471962977,369241900
AVGO,2025-05-30,240.241956546,241.088516235,233.947574167,242.184047084,27088600
NVDA,2025-05-30,138.702551336,135.113006592,132.903277879,139.602432021,333170900
AVGO,2025-06-02,242.263730287,247.701599121,242.203975992,248.986362063,19197000
NVDA,2025-06-02,135.472955127,137.362716675,135.382954858,138.102613787,197663100
AVGO,2025-06-03,249.066038829,255.80859375,248.388788024,256.834416343,30380200
NVDA,2025-06-03,138.762529433,141.202224731,137.932632081,141.982125326,225578800
AVGO,2025-06-04,257.013679039,260.02142334,256.545583464,264.353792103,31536000
NVDA,2025-06-04,142.172115693,141.902145386,139.522439895,142.372087483,167120800
AVGO,2025-06-05,261.883873403,258.876098633,258.009630937,263.816010046,41970900
NVDA,2025-06-05,142.152115316,139.972396851,138.8125391,143.98188696,231397900
AVGO,2025-06-06,250.121739518,245.92880249,245.132058288,254.284799399,41146700
NVDA,2025-06-06,142.49205755,141.702163696,141.492183415,143.251971658,153986200
AVGO,2025-06-09,244.056433025,243.289550781,240.132405561,247.163777934,25334100
NVDA,2025-06-09,143.171987652,142.612060547,141.922144915,144.981757494,185114500
AVGO,2025-06-10,243.22979654,243.638137817,240.421223105,245.281441714,25491300
NVDA,2025-06-10,142.672050043,143.941894531,141.512192326,144.271839587,155881900
AVGO,2025-06-11,245.361121528,251.884567261,242.811503609,253.737026405,24599000
NVDA,2025-06-11,144.601843565,142.82194519,141.861992628,144.981827013,167694000
AVGO,2025-06-12,249.175589549,255.03175354,248.488384771,256.844381517,20410900
NVDA,2025-06-12,141.961993417,144.991821289,141.842005068,144.991821289,162365000
AVGO,2025-06-13,249.643679559,247.691619873,247.343048098,252.970133574,19028400
NVDA,2025-06-13,142.471956086,141.961990356,140.842058437,143.57190012,180820600
AVGO,2025-06-16,249.33494583,251.077850342,248.558109606,254.15531809,20363000
NVDA,2025-06-16,143.341918254,144.681838989,143.191917563,146.171745158,183133700
AVGO,2025-06-17,249.932497549,248.358901978,246.914784173,252.930302958,22014300
NVDA,2025-06-17,144.481851678,144.111862183,143.771885031,145.211806211,139108000
AVGO,2025-06-18,249.872731275,250.241226196,248.398736395,254.603471745,30435500
NVDA,2025-06-18,144.001868228,145.471786499,143.11191906,145.641775075,161494100
AVGO,2025-06-20,252.776917451,249.562423706,243.752370896,253.086384791,42134900
NVDA,2025-06-20,145.441788983,143.841888428,142.641943939,146.191746659,242956200
AVGO,2025-06-23,248.683919628,253.335952759,246.038458315,253.775202614,19747000
NVDA,2025-06-23,142.491961274,144.161865234,142.021986567,144.771831433,154308900
AVGO,2025-06-24,258.327399451,263.318847656,258.327399451,265.415261996,32764900
NVDA,2025-06-24,145.551783056,147.891647339,145.491788883,147.951656769,187566100
AVGO,2025-06-25,265.545023663,264.19732666,262.979412175,269.408399396,18894200
NVDA,2025-06-25,149.261590836,154.301300049,149.251581635,154.441291548,269146500
AVGO,2025-06-26,264.626595356,269.70791626,263.678238509,271.205350669,23569600
NVDA,2025-06-26,155.971198297,155.011260986,153.991314243,156.711162053,198145700
AVGO,2025-06-27,269.837669595,268.889312744,266.423536187,271.385036771,27477600
NVDA,2025-06-27,156.031193843,157.741104126,155.25123905,158.701056703,263234500
AVGO,2025-06-30,274.260118442,275.178527832,271.664559335,277.235002013,24708400
NVDA,2025-06-30,158.391059639,157.98109436,155.951210079,158.651054739,194580300
AVGO,2025-07-01,273.93065129,264.28717041,262.210741514,274.03048634,28847600
NVDA,2025-07-01,156.281188364,153.291366577,151.481470989,157.191140759,213143600
AVGO,2025-07-02,263.538459354,269.438354492,262.280635186,271.534768726,17582100
NVDA,2025-07-02,152.971371103,157.241134644,152.96137716,157.591121015,171224100
AVGO,2025-07-03,270.266949704,274.709320068,269.657977217,275.328254735,10592700
NVDA,2025-07-03,158.361062402,159.331008911,157.7611054,160.970915798,143716100
AVGO,2025-07-07,274.659416338,273.711029053,272.193639862,277.085252699,16760600
NVDA,2025-07-07,158.191072814,158.231079102,157.331120716,159.301010808,140139000
AVGO,2025-07-08,275.877318664,271.335083008,270.686200904,275.877318664,14869400
NVDA,2025-07-08,159.321021649,159.990982056,158.381072188,160.210970877,138133000
AVGO,2025-07-09,272.493129398,277.424682617,272.253549636,278.972049826,20133000
NVDA,2025-07-09,161.210909047,162.870819092,161.150914872,164.410725528,183656400
AVGO,2025-07-10,279.31146113,274.928955078,272.233591385,280.699067859,17891600
NVDA,2025-07-10,164.310748101,164.090759277,161.600894093,164.490730635,167704100
AVGO,2025-07-11,273.671125811,273.910705566,271.424974209,275.997127176,14274700
NVDA,2025-07-11,163.710776233,164.910705566,163.46079032,167.880539439,193633300
AVGO,2025-07-14,273.661114244,275.128601074,269.118878595,277.883859466,11934200
NVDA,2025-07-14,165.360675025,164.060760498,162.010872982,165.480678637,136975800
AVGO,2025-07-15,279.331400574,280.459472656,277.374761558,282.875316341,17918400
NVDA,2025-07-15,171.180346507,170.690368652,169.19045326,172.390269713,230627400
AVGO,2025-07-16,279.630866537,280.329681396,275.198489038,281.028496256,15031000
NVDA,2025-07-16,171.050356217,171.360336304,168.890474298,171.740319769,158831500
AVGO,2025-07-17,280.659137441,285.96005249,279.431230332,287.786908954,17231100
NVDA,2025-07-17,172.010309139,172.990249634,170.820373767,174.150187918,160841100
AVGO,2025-07-18,286.618918096,282.855377197,280.519383143,287.038213141,15012400
NVDA,2025-07-18,173.630210198,172.400283813,171.250339492,174.240176419,146456400
AVGO,2025-07-21,283.474310158,287.717041016,283.14488799,290.043072876,17726800
NVDA,2025-07-21,172.740263975,171.370346069,170.990362603,173.370233351,123126100
AVGO,2025-07-22,287.157996175,278.113494873,275.95718569,287.507403627,16564800
NVDA,2025-07-22,171.330338731,167.020584106,164.570725253,171.380338965,193114300
AVGO,2025-07-23,276.306588306,283.204772949,272.533054918,283.514240281,20556200
NVDA,2025-07-23,169.520440956,170.770370483,167.960531348,171.25033915,154082200
AVGO,2025-07-24,289.294356369,288.216186523,283.015106154,290.701948384,16413800
NVDA,2025-07-24,172.430279598,173.730209351,171.290344486,173.820200614,128984600
AVGO,2025-07-25,287.577278455,289.683654785,286.778628534,292.08953626,12476200
NVDA,2025-07-25,173.600213525,173.490219116,172.950256272,174.710151561,122316800
AVGO,2025-07-28,291.959751238,293.796600342,290.092954667,294.944657689,13683400
NVDA,2025-07-28,174.010194182,176.740036011,173.960193949,176.990021917,140023500
AVGO,2025-07-29,296.991165684,296.911315918,294.365659076,301.673146498,19210800
NVDA,2025-07-29,177.949965521,175.500091553,175.010128966,179.369883568,154077500
AVGO,2025-07-30,296.641741278,302.102386475,295.294044258,302.741306426,16738900
NVDA,2025-07-30,176.500048707,179.259902954,176.030073969,179.879863136,174312200
AVGO,2025-07-31,302.282073175,293.197662354,289.733596286,306.424999312,25488500
NVDA,2025-07-31,182.889685374,177.859970093,175.920076993,183.289671984,221685400
AVGO,2025-08-01,286.049917483,288.146331787,281.128326481,292.139490284,21428100
NVDA,2025-08-01,174.080179331,173.710205078,170.880362832,176.530038123,204529000
AVGO,2025-08-04,291.700237214,297.210784912,290.901587244,297.969494767,17164600
NVDA,2025-08-04,175.150129411,179.989852905,174.5101661,180.189838579,148174600
AVGO,2025-08-05,297.300613032,292.428955078,290.951506019,300.684829282,18477500
NVDA,2025-08-05,179.609862858,178.249938965,175.890071481,180.249826146,156407600
AVGO,2025-08-06,292.399003358,301.154022217,291.400713807,302.292056463,17392100
NVDA,2025-08-06,176.320059483,179.409881592,176.240062163,179.889850255,137192300
AVGO,2025-08-07,305.646329505,303.240447998,299.367079612,309.809179931,16319400
NVDA,2025-08-07,181.559769344,180.759811401,178.789921261,183.869636652,151878400
AVGO,2025-08-08,303.52992447,304.448364258,302.03249015,307.34339785,12458700
NVDA,2025-08-08,181.5397682,182.689697266,180.389823876,183.289669544,123396700
AVGO,2025-08-11,304.528214877,303.380187988,300.774666888,307.782648557,12396400
NVDA,2025-08-11,182.03973445,182.049728394,180.239832929,183.829626771,138323200
AVGO,2025-08-12,306.10554464,312.294921875,304.148905556,312.903894372,17609600
NVDA,2025-08-12,182.949687793,183.149673462,179.449885193,184.46959108,145485700
AVGO,2025-08-13,316.208211336,308.561309814,304.228736873,316.807191152,17371200
NVDA,2025-08-13,182.609698395,181.57975769,179.339893754,183.959628381,179871700
AVGO,2025-08-14,306.484909409,310.697692871,306.474916764,313.632666824,15717600
NVDA,2025-08-14,179.739858904,182.009735107,179.449881978,183.00967869,129554000
AVGO,2025-08-15,310.498020817,305.816040039,299.247307712,310.967218159,22806900
NVDA,2025-08-15,181.869746616,180.439819336,178.029951601,181.889734502,156602200
AVGO,2025-08-18,302.182266369,305.237030029,298.488582757,305.646332411,14724700
NVDA,2025-08-18,180.589816491,181.999725342,180.57980729,182.929680804,132008000
AVGO,2025-08-19,301.902742979,294.405578613,291.889899883,302.381902471,20149600
NVDA,2025-08-19,182.419706888,175.630096436,175.480110996,182.489710265,185229200
AVGO,2025-08-20,294.954637532,290.67199707,281.387885484,294.984585001,23600500
NVDA,2025-08-20,175.160123439,175.390106201,168.790487413,175.990078481,215142700
AVGO,2025-08-21,289.56387998,289.104675293,285.680549264,291.889911817,14946300
NVDA,2025-08-21,174.840141001,174.970123291,173.800191134,176.890013133,140040900
AVGO,2025-08-22,291.250979832,293.497131348,288.51567618,299.576711127,16301300
NVDA,2025-08-22,172.600263809,177.97996521,171.190339684,178.57992221,172789400
AVGO,2025-08-25,292.309161038,293.726745605,291.211036439,297.889595973,15124700
NVDA,2025-08-25,178.339956534,179.799865723,176.560058053,181.899753496,163012800
AVGO,2025-08-26,293.846531297,297.500274658,293.487131222,299.736433472,25689100
NVDA,2025-08-26,180.049840116,181.759750366,178.799910631,182.379710509,168688200
AVGO,2025-08-27,297.021101285,299.736450195,293.277515312,300.664852205,13830300
NVDA,2025-08-27,181.969735656,181.589767456,179.089908407,182.479716667,235518900
AVGO,2025-08-28,302.411852742,308.122070312,301.812872906,310.4680569,18907100
NVDA,2025-08-28,180.809808307,180.159835815,176.400053388,184.459596329,281787800
AVGO,2025-08-29,306.484888374,296.881347656,293.15771662,306.484888374,21610700
NVDA,2025-08-29,178.099952232,174.170166016,173.140225345,178.139943262,243257900
AVGO,2025-09-02,288.84511732,297.729888916,286.678845887,298.19908626,19693000
NVDA,2025-09-02,169.990415679,170.770370483,167.210573632,172.370286381,231164900
AVGO,2025-09-03,301.772967683,301.872802734,295.893027394,303.929276846,18529400
NVDA,2025-09-03,171.050359731,170.61038208,168.87048988,172.400289773,164424900
AVGO,2025-09-04,304.53821684,305.576446533,301.733025557,308.251855296,31220800
NVDA,2025-09-04,170.56039468,171.65032959,169.400456391,171.850315267,141670100
AVGO,2025-09-05,355.17145242,334.317199707,330.853133774,355.730492127,78401600
NVDA,2025-09-05,168.020527175,167.0105896,164.060758938,169.020470806,224441400
AVGO,2025-09-08,342.163743254,345.058776855,340.666308929,353.564223319,43535600
NVDA,2025-09-08,167.540554941,168.300506592,167.34056927,170.950366314,163769100
AVGO,2025-09-09,348.952121864,336.094177246,335.255587162,350.379699164,26972300
NVDA,2025-09-09,169.080462205,170.750366211,166.730603864,170.970355027,157548400
AVGO,2025-09-10,350.918751074,368.937896729,349.950408939,372.332075293,51086800
NVDA,2025-09-10,176.630043772,177.320007324,175.460111545,179.279888312,226852000
AVGO,2025-09-11,370.545125235,359.014892578,358.146385503,373.589926785,29430900
NVDA,2025-09-11,179.679992676,177.169998169,176.479995728,180.279998779,151159300
AVGO,2025-09-12,362.289264329,359.254455566,356.549099416,363.766743831,31949800
NVDA,2025-09-12,177.770004272,177.820007324,176.449996948,178.600006104,124911000
AVGO,2025-09-15,359.254471333,363.467254639,355.730510285,364.874846622,21792200
NVDA,2025-09-15,175.669998169,177.75,174.509994507,178.850006104,147061600
AVGO,2025-09-16,364.804951904,359.384246826,356.379385458,365.064516942,21306500
NVDA,2025-09-16,177,174.880004883,174.380004883,177.5,140737800
AVGO,2025-09-17,358.236215722,345.577911377,340.915885714,359.314355045,45197100
NVDA,2025-09-17,172.63999939,170.289993286,168.410003662,173.199996948,211843800
AVGO,2025-09-18,349.401348252,344.759307861,343.201978575,350.100163135,24663900
NVDA,2025-09-18,173.979995728,176.240005493,172.960006714,177.100006104,191763300
AVGO,2025-09-19,344.060493598,344.350006104,335.854552129,345.677717824,41240100
NVDA,2025-09-19,175.770004272,176.669998169,175.179992676,178.080001831,237182100
AVGO,2025-09-22,342.429992676,338.790008545,337.940002441,346.670013428,28660000
NVDA,2025-09-22,175.300003052,183.61000061,174.710006714,184.550003052,269637000
AVGO,2025-09-23,340.239990234,338.940002441,337.019989014,345.220001221,21944100
NVDA,2025-09-23,181.970001221,178.429992676,176.210006714,182.419998169,192559600
AVGO,2025-09-24,339.760009766,339.309997559,333.809997559,340.079986572,19677300
NVDA,2025-09-24,179.770004272,176.970001221,175.399993896,179.779998779,143564100
AVGO,2025-09-25,332.989990234,336.100006104,327.299987793,338.059997559,21678200
NVDA,2025-09-25,174.479995728,177.690002441,173.130004883,180.259994507,191586700
AVGO,2025-09-26,337.429992676,334.529998779,330.579986572,339.079986572,15464700
NVDA,2025-09-26,178.169998169,178.190002441,174.929992676,179.770004272,148573700
AVGO,2025-09-29,336,327.899993896,327.549987793,341.049987793,21336000
NVDA,2025-09-29,180.429992676,181.850006104,180.320007324,184,193063500
AVGO,2025-09-30,330.119995117,329.910003662,324.609985352,331.049987793,20109500
NVDA,2025-09-30,182.080001831,186.580001831,181.479995728,187.350006104,236981000
AVGO,2025-10-01,328.149993896,333.390014648,324.5,337.950012207,21122700
NVDA,2025-10-01,185.240005493,187.240005493,183.899993896,188.13999939,173844900
AVGO,2025-10-02,347.609985352,338.179992676,335.25,347.609985352,19917600
NVDA,2025-10-02,189.600006104,188.88999939,188.059997559,191.050003052,136805800
AVGO,2025-10-03,341.5,338.369995117,335.739990234,344.399993896,14749100
NVDA,2025-10-03,189.190002441,187.619995117,185.380004883,190.36000061,137596900
AVGO,2025-10-06,335.920013428,335.489990234,334.559997559,344.130004883,18465700
NVDA,2025-10-06,185.5,185.539993286,183.330001831,187.229995728,157678100
AVGO,2025-10-07,337.029998779,336.410003662,326.579986572,338.109985352,18086700
NVDA,2025-10-07,186.229995728,185.039993286,184,189.059997559,140088000
AVGO,2025-10-08,333.820007324,345.5,332.619995117,346.540008545,21478300
NVDA,2025-10-08,186.570007324,189.11000061,186.539993286,189.600006104,130168900
AVGO,2025-10-09,345.75,345.019989014,340.399993896,347.309997559,17643700
NVDA,2025-10-09,192.229995728,192.570007324,191.059997559,195.300003052,182997200
AVGO,2025-10-10,345.390014648,324.630004883,324.049987793,350.600006104,28941000
NVDA,2025-10-10,193.509994507,183.160003662,182.050003052,195.619995117,268774400
AVGO,2025-10-13,352.769989014,356.700012207,343.519989014,359.380004883,45984300
NVDA,2025-10-13,187.970001221,188.320007324,185.960006714,190.11000061,153482800
AVGO,2025-10-14,350.130004883,344.130004883,339.649993896,350.670013428,22078000
NVDA,2025-10-14,184.770004272,180.029998779,179.699996948,184.800003052,205641400
AVGO,2025-10-15,354.470001221,351.329986572,347.5,359.399993896,23918500
NVDA,2025-10-15,184.800003052,179.830001831,177.289993286,184.869995117,214450500
AVGO,2025-10-16,356.799987793,354.149993896,349.489990234,363.239990234,20317200
NVDA,2025-10-16,182.229995728,181.809997559,179.770004272,183.279998779,179723300
AVGO,2025-10-17,349.609985352,349.329986572,340.779998779,350.970001221,20937900
NVDA,2025-10-17,180.179992676,183.220001221,179.75,184.100006104,173135200
AVGO,2025-10-20,353.799987793,349.239990234,347.839996338,356.589996338,15640200
NVDA,2025-10-20,183.130004883,182.63999939,181.729995728,185.199996948,128544700
AVGO,2025-10-21,350,342.660003662,341.309997559,351.100006104,16092600
NVDA,2025-10-21,182.789993286,181.160003662,179.800003052,182.789993286,124240200
AVGO,2025-10-22,347.299987793,340.299987793,335.510009766,348.010009766,19268800
NVDA,2025-10-22,181.13999939,180.279998779,176.759994507,183.440002441,162249600
AVGO,2025-10-23,340.399993896,344.290008545,340.399993896,346.570007324,12859200
NVDA,2025-10-23,180.419998169,182.160003662,179.789993286,183.029998779,111363700
AVGO,2025-10-24,352.510009766,354.130004883,350.880004883,358.299987793,16143700
NVDA,2025-10-24,183.839996338,186.259994507,183.5,187.470001221,131296700
AVGO,2025-10-27,361.540008545,362.049987793,355.079986572,362.75,20065800
NVDA,2025-10-27,189.990005493,191.490005493,188.429992676,192,153452700
AVGO,2025-10-28,362.619995117,372.970001221,362.529998779,374.059997559,21056000
NVDA,2025-10-28,193.050003052,201.029998779,191.910003662,203.149993896,297986200
AVGO,2025-10-29,373.190002441,385.980010986,373.190002441,386.480010986,24975200
NVDA,2025-10-29,207.979995728,207.039993286,204.779998779,212.190002441,308829600
AVGO,2025-10-30,386.399993896,376.470001221,370.059997559,386.399993896,24295300
NVDA,2025-10-30,205.149993896,202.88999939,201.410003662,206.160003662,178864400
AVGO,2025-10-31,378.269989014,369.630004883,365.100006104,378.820007324,21598400
NVDA,2025-10-31,206.449996948,202.490005493,202.070007324,207.970001221,179802200
AVGO,2025-11-03,372,362.549987793,361.980010986,374.850006104,17198900
NVDA,2025-11-03,208.080001831,206.880004883,205.559997559,211.339996338,180267300
AVGO,2025-11-04,358.519989014,351.940002441,351,368.950012207,24047500
NVDA,2025-11-04,203,198.690002441,197.929992676,203.970001221,188919300
AVGO,2025-11-05,350.890014648,358.980010986,350.089996338,364.869995117,17087600
NVDA,2025-11-05,198.770004272,195.210006714,194.649993896,202.919998169,171350300
AVGO,2025-11-06,360.109985352,355.589996338,352.709991455,363.5,19896900
NVDA,2025-11-06,196.419998169,188.080001831,186.380004883,197.619995117,223029800
AVGO,2025-11-07,354.190002441,349.429992676,337.269989014,354.5,21903200
NVDA,2025-11-07,184.899993896,188.149993896,178.910003662,188.320007324,264942300
AVGO,2025-11-10,357.899993896,358.390014648,354.609985352,360,16409000
NVDA,2025-11-10,195.11000061,199.050003052,193.789993286,199.940002441,198897100
AVGO,2025-11-11,358.970001221,351.959991455,349.670013428,361.890014648,16446800
NVDA,2025-11-11,195.160003662,193.160003662,191.300003052,195.419998169,176483300
AVGO,2025-11-12,358.040008545,355.220001221,351.679992676,358.869995117,12190500
NVDA,2025-11-12,195.720001221,193.800003052,191.130004883,195.88999939,154935300
AVGO,2025-11-13,351.579986572,339.980010986,334.160003662,353.549987793,22616600
NVDA,2025-11-13,191.050003052,186.86000061,183.850006104,191.440002441,207423100
AVGO,2025-11-14,331.470001221,342.459991455,329.059997559,344.739990234,18488200
NVDA,2025-11-14,182.86000061,190.169998169,180.580001831,191.009994507,186019700
